case_id,pair_id,orientation,a_wins
0006d26c2cbe59d272fe-o,0006d26c2cbe59d272fe,original,1
0006d26c2cbe59d272fe-s,0006d26c2cbe59d272fe,swapped,0
0019e1f4b80eba74420c-o,0019e1f4b80eba74420c,original,1
0019e1f4b80eba74420c-s,0019e1f4b80eba74420c,swapped,0
00201f636bb8b8fe3eaf-o,00201f636bb8b8fe3eaf,original,0
00201f636bb8b8fe3eaf-s,00201f636bb8b8fe3eaf,swapped,1
00270fb1cf1dc0e74fcd-o,00270fb1cf1dc0e74fcd,original,1
00270fb1cf1dc0e74fcd-s,00270fb1cf1dc0e74fcd,swapped,0
002c56166bdad9331e3d-o,002c56166bdad9331e3d,original,0
002c56166bdad9331e3d-s,002c56166bdad9331e3d,swapped,1
002e570188b98e142289-o,002e570188b98e142289,original,1
002e570188b98e142289-s,002e570188b98e142289,swapped,0
0041494cc627f1ddf15b-o,0041494cc627f1ddf15b,original,1
0041494cc627f1ddf15b-s,0041494cc627f1ddf15b,swapped,0
005d7725ed4bf33c4ab5-o,005d7725ed4bf33c4ab5,original,0
005d7725ed4bf33c4ab5-s,005d7725ed4bf33c4ab5,swapped,1
0061a2da0615a7ab05f7-o,0061a2da0615a7ab05f7,original,0
0061a2da0615a7ab05f7-s,0061a2da0615a7ab05f7,swapped,1
0062cde865eb186850f6-o,0062cde865eb186850f6,original,0
0062cde865eb186850f6-s,0062cde865eb186850f6,swapped,1
002456b0089b021a8638-o,002456b0089b021a8638,original,0
002456b0089b021a8638-s,002456b0089b021a8638,swapped,1
002d1d7fcb73be94dab7-o,002d1d7fcb73be94dab7,original,0
002d1d7fcb73be94dab7-s,002d1d7fcb73be94dab7,swapped,1
0040ca80c0b3b74b6d09-o,0040ca80c0b3b74b6d09,original,0
0040ca80c0b3b74b6d09-s,0040ca80c0b3b74b6d09,swapped,1
005c3c7146e7b09a1081-o,005c3c7146e7b09a1081,original,0
005c3c7146e7b09a1081-s,005c3c7146e7b09a1081,swapped,1
007d6b8d084c71355e08-o,007d6b8d084c71355e08,original,0
007d6b8d084c71355e08-s,007d6b8d084c71355e08,swapped,1
008cbd1491979e30ead0-o,008cbd1491979e30ead0,original,0
008cbd1491979e30ead0-s,008cbd1491979e30ead0,swapped,1
00a85b9db73055ef5975-o,00a85b9db73055ef5975,original,1
00a85b9db73055ef5975-s,00a85b9db73055ef5975,swapped,0
010b2410b63b9a37ee6a-o,010b2410b63b9a37ee6a,original,1
010b2410b63b9a37ee6a-s,010b2410b63b9a37ee6a,swapped,0
012405544e843070040e-o,012405544e843070040e,original,0
012405544e843070040e-s,012405544e843070040e,swapped,1
012ebbb68b5629ffb769-o,012ebbb68b5629ffb769,original,1
012ebbb68b5629ffb769-s,012ebbb68b5629ffb769,swapped,0
00442298128c343acf9b-o,00442298128c343acf9b,original,0
00442298128c343acf9b-s,00442298128c343acf9b,swapped,1
004cf266d49ad841d355-o,004cf266d49ad841d355,original,1
004cf266d49ad841d355-s,004cf266d49ad841d355,swapped,0
0080cca799cd61d09482-o,0080cca799cd61d09482,original,0
0080cca799cd61d09482-s,0080cca799cd61d09482,swapped,1
0082c1cb08115c6d34f6-o,0082c1cb08115c6d34f6,original,0
0082c1cb08115c6d34f6-s,0082c1cb08115c6d34f6,swapped,1
0092919d8000b2db4c7b-o,0092919d8000b2db4c7b,original,0
0092919d8000b2db4c7b-s,0092919d8000b2db4c7b,swapped,1
0093bf0405b3d58b9ebb-o,0093bf0405b3d58b9ebb,original,1
0093bf0405b3d58b9ebb-s,0093bf0405b3d58b9ebb,swapped,0
00d28fd273658fc4b692-o,00d28fd273658fc4b692,original,1
00d28fd273658fc4b692-s,00d28fd273658fc4b692,swapped,0
00d4ce751b7faf15a478-o,00d4ce751b7faf15a478,original,1
00d4ce751b7faf15a478-s,00d4ce751b7faf15a478,swapped,0
00ea76bdaccb4a2d0792-o,00ea76bdaccb4a2d0792,original,1
00ea76bdaccb4a2d0792-s,00ea76bdaccb4a2d0792,swapped,0
010bc619718ab3c034c2-o,010bc619718ab3c034c2,original,1
010bc619718ab3c034c2-s,010bc619718ab3c034c2,swapped,0
0052849fe0d4ed8348f1-o,0052849fe0d4ed8348f1,original,0
0052849fe0d4ed8348f1-s,0052849fe0d4ed8348f1,swapped,1
0064b4ab53e62ad2d582-o,0064b4ab53e62ad2d582,original,1
0064b4ab53e62ad2d582-s,0064b4ab53e62ad2d582,swapped,0
009f7ab491a8251cff5c-o,009f7ab491a8251cff5c,original,1
009f7ab491a8251cff5c-s,009f7ab491a8251cff5c,swapped,0
00c56fce97bc7cfdd02d-o,00c56fce97bc7cfdd02d,original,0
00c56fce97bc7cfdd02d-s,00c56fce97bc7cfdd02d,swapped,1
0148b634ea0fe10431a8-o,0148b634ea0fe10431a8,original,0
0148b634ea0fe10431a8-s,0148b634ea0fe10431a8,swapped,1
018ebc371ea54bf271bc-o,018ebc371ea54bf271bc,original,0
018ebc371ea54bf271bc-s,018ebc371ea54bf271bc,swapped,1
019c84a2a8012556fc48-o,019c84a2a8012556fc48,original,0
019c84a2a8012556fc48-s,019c84a2a8012556fc48,swapped,1
01a76eeb68b217edb59a-o,01a76eeb68b217edb59a,original,0
01a76eeb68b217edb59a-s,01a76eeb68b217edb59a,swapped,1
01f663415335b2895434-o,01f663415335b2895434,original,1
01f663415335b2895434-s,01f663415335b2895434,swapped,0
02148921d9405cc52e0b-o,02148921d9405cc52e0b,original,0
02148921d9405cc52e0b-s,02148921d9405cc52e0b,swapped,1
007d4b1337ae89cfca54-o,007d4b1337ae89cfca54,original,0
007d4b1337ae89cfca54-s,007d4b1337ae89cfca54,swapped,1
0099d0dae04f06b69b38-o,0099d0dae04f06b69b38,original,1
0099d0dae04f06b69b38-s,0099d0dae04f06b69b38,swapped,0
00b5dc8d574d6c6b276f-o,00b5dc8d574d6c6b276f,original,0
00b5dc8d574d6c6b276f-s,00b5dc8d574d6c6b276f,swapped,1
00bebb1f0562181a300b-o,00bebb1f0562181a300b,original,0
00bebb1f0562181a300b-s,00bebb1f0562181a300b,swapped,1
010a8f54c9bb15fd69cb-o,010a8f54c9bb15fd69cb,original,0
010a8f54c9bb15fd69cb-s,010a8f54c9bb15fd69cb,swapped,1
014b857b485207e02adc-o,014b857b485207e02adc,original,0
014b857b485207e02adc-s,014b857b485207e02adc,swapped,1
0164ceb49891ac219305-o,0164ceb49891ac219305,original,1
0164ceb49891ac219305-s,0164ceb49891ac219305,swapped,0
017bb9d9d6cb5fbbcbc9-o,017bb9d9d6cb5fbbcbc9,original,1
017bb9d9d6cb5fbbcbc9-s,017bb9d9d6cb5fbbcbc9,swapped,0
018ec3f9af7f08cce02f-o,018ec3f9af7f08cce02f,original,1
018ec3f9af7f08cce02f-s,018ec3f9af7f08cce02f,swapped,0
01a58e907233b22dacd5-o,01a58e907233b22dacd5,original,0
01a58e907233b22dacd5-s,01a58e907233b22dacd5,swapped,1
000898ab204a34e2b58c-o,000898ab204a34e2b58c,original,1
000898ab204a34e2b58c-s,000898ab204a34e2b58c,swapped,0
0027bf178ee1daf22880-o,0027bf178ee1daf22880,original,0
0027bf178ee1daf22880-s,0027bf178ee1daf22880,swapped,1
00292acba3036745f9b7-o,00292acba3036745f9b7,original,1
00292acba3036745f9b7-s,00292acba3036745f9b7,swapped,0
006507b3bec65c0fcf19-o,006507b3bec65c0fcf19,original,0
006507b3bec65c0fcf19-s,006507b3bec65c0fcf19,swapped,1
0069498cb62ab55eb638-o,0069498cb62ab55eb638,original,0
0069498cb62ab55eb638-s,0069498cb62ab55eb638,swapped,1
008120484d4b24f7e6d9-o,008120484d4b24f7e6d9,original,0
008120484d4b24f7e6d9-s,008120484d4b24f7e6d9,swapped,1
0085ebccd5f22b56c75d-o,0085ebccd5f22b56c75d,original,1
0085ebccd5f22b56c75d-s,0085ebccd5f22b56c75d,swapped,0
009d6d11c12db7ea8074-o,009d6d11c12db7ea8074,original,1
009d6d11c12db7ea8074-s,009d6d11c12db7ea8074,swapped,0
009fbcc2359f34a3ef21-o,009fbcc2359f34a3ef21,original,1
009fbcc2359f34a3ef21-s,009fbcc2359f34a3ef21,swapped,0
00a50763619a123e0fb2-o,00a50763619a123e0fb2,original,1
00a50763619a123e0fb2-s,00a50763619a123e0fb2,swapped,0
0037efc4d018398b564a-o,0037efc4d018398b564a,original,1
0037efc4d018398b564a-s,0037efc4d018398b564a,swapped,0
0081237891ad06df3411-o,0081237891ad06df3411,original,0
0081237891ad06df3411-s,0081237891ad06df3411,swapped,1
0108f382c34da6274be8-o,0108f382c34da6274be8,original,0
0108f382c34da6274be8-s,0108f382c34da6274be8,swapped,1
011286d9a6d637aa64fa-o,011286d9a6d637aa64fa,original,1
011286d9a6d637aa64fa-s,011286d9a6d637aa64fa,swapped,0
016742b1ac90db36888c-o,016742b1ac90db36888c,original,1
016742b1ac90db36888c-s,016742b1ac90db36888c,swapped,0
01a0b7288a1824b5095e-o,01a0b7288a1824b5095e,original,0
01a0b7288a1824b5095e-s,01a0b7288a1824b5095e,swapped,1
01bf68b4c4376cef7c3f-o,01bf68b4c4376cef7c3f,original,1
01bf68b4c4376cef7c3f-s,01bf68b4c4376cef7c3f,swapped,0
01e2227a85dfdaecb9bd-o,01e2227a85dfdaecb9bd,original,1
01e2227a85dfdaecb9bd-s,01e2227a85dfdaecb9bd,swapped,0
01f5117e84605c3af9de-o,01f5117e84605c3af9de,original,0
01f5117e84605c3af9de-s,01f5117e84605c3af9de,swapped,1
027c391708cb9137d6bc-o,027c391708cb9137d6bc,original,1
027c391708cb9137d6bc-s,027c391708cb9137d6bc,swapped,0
